,Points,Score,Weigh,,,
mean,3.596563,3.21725,17.84875,,,
var,0.285881,0.957379,3.193166,,,
std,0.534679,0.978457,1.786943,,,
min,2.76,1.513,14.5,,,
max,4.93,5.424,22.9,,,
median,3.695,3.325,17.71,,,
,,,,,,
,Points,Score,Weigh,,,
0,3.07,3.44,17.02,,,
1,3.92,NaN,18.9,,,
,,,,,,
speed,dist,,,,SP,WT
skew,-0.11751,0.806895,,skew,1.61145,-0.614753
kurt,-0.508994,0.405053,,kurt,2.977329,0.950291
